{
  "Characters": [
        {
		 "Id":1,
         "Name": "Anakin",
         "Gender": "male", 
         "Homeworld": "Tatooine",
         "Born": "41.9BBY",
         "Jedi": true
        },
        {
		 "Id":3,
         "Name": "Amidala",
         "Gender": "female", 
         "Homeworld": "Naboo",
         "Born": "46BBY",
         "Jedi": false
        },
        {
		 "Id":3,
         "Name": "R2-D2",
         "Gender": "unknown",
         "Homeworld": "Naboo",
         "Born": "33BBY",
         "Jedi": false
        }
    ]
}